Cluster_KMeans,Processing_Intensity
3,0.45745232280338605
4,0.4446116260470113
6,0.4358756536373772
7,0.40473548402798165
0,0.40441025719906926
1,0.38537826790132745
2,0.3392206202768845
5,0.3276465910393829
